{
  "scripts": {
    "lint": "eslint . --ext ts,tsx --report-unused-disable-directives --max-warnings 0",
    "lint:fix": "eslint . --ext ts,tsx --fix",
    "format": "prettier --write \"**/*.{ts,tsx,json,css,md}\"",
    "format:check": "prettier --check \"**/*.{ts,tsx,json,css,md}\"",
    "type-check": "tsc --noEmit",
    "test": "vitest",
    "test:ui": "vitest --ui",
    "test:coverage": "vitest --coverage",
    "test:watch": "vitest --watch"
  },
  "description": "Additional development scripts for CI/CD pipeline"
}