{
  "cli": {
    "version": ">= 5.0.0"
  },
  "build": {
    "development": {
      "developmentClient": true,
      "distribution": "internal",
      "ios": {
        "resourceClass": "m-medium"
      }
    },
    "preview": {
      "distribution": "internal",
      "ios": {
        "simulator": true,
        "resourceClass": "m-medium"
      },
      "android": {
        "buildType": "apk",
        "resourceClass": "medium"
      }
    },
    "production": {
      "ios": {
        "resourceClass": "m-medium",
        "autoIncrement": true
      },
      "android": {
        "resourceClass": "medium",
        "autoIncrement": "versionCode"
      }
    }
  },
  "submit": {
    "production": {
      "ios": {
        "appleId": "your-apple-id@email.com",
        "ascAppId": "your-app-store-connect-id",
        "appleTeamId": "your-apple-team-id"
      },
      "android": {
        "serviceAccountKeyPath": "./google-service-account.json",
        "track": "production"
      }
    }
  }
}